Titulo,Nombre del Canal,Subcriptores,Vistas Totales,Numero de Comentarios,Direccion,Ratio
Лучшая форекс стратегия для Золото,MarkOptions,16500,13643,169,https://www.youtube.com/watch?v=Mo6UdvRhbCw,21978146449.704144
Индикаторная стратегия Снайпер для торговли золотом XAUUSD,Торговые стратегии,73600,9418,659,https://www.youtube.com/watch?v=PQt2PjSt5q4,77415674172.98936
Скальпинг золота XAUUSD на разных таймфреймах форекс,Торговые стратегии,73600,2756,33,https://www.youtube.com/watch?v=Pn1bSjKQ6q0,452398235151.51514
42. Особенности торговли золотом. Мастер-класс Андрея Шевченко,ИнстаФорекс,46400,9612,21,https://www.youtube.com/watch?v=ivgIi-L_FvM,985440548571.4286
Лучшая торговая стратегия для начинающего трейдера. Трейдинг с нуля,Трейдер Сергей Виноградов - TradersGroup,147000,90018,99,https://www.youtube.com/watch?v=pjSkI70sgVY,19648474363636.363
"Золото, как инвестировать и торговать на МосБирже, 4 стратегии/ Фьючерсы, GLDRUB_TOM, и другие.",Адамович Алексей - обучение инвестированию,23300,4150,21,https://www.youtube.com/watch?v=xJsMxA0Cuto,107285404761.90477
Лучшая форекс стратегия для Золота - анализ рынка 👌,Владимир Головатенко,1870,3159,12,https://www.youtube.com/watch?v=b9TODKN64_c,920558925.0000001
Форекс стратегия  для золота,MarkOptions,16500,5196,298,https://www.youtube.com/watch?v=gu6MQbyvOHQ,4747016778.52349
Благодарю всех подписчиков моего канала за поддержку . Форекс стратегия торговли золотом.,AlexAlex  SniperTrade,5180,1429,9,https://www.youtube.com/watch?v=y4tqKe03QEY,4260388844.4444447
Торговая стратегия форекс для скальпинга на золоте,Торговые стратегии,73600,7561,242,https://www.youtube.com/watch?v=XonpdFYaSKE,169246423801.6529
15 минутная стратегия форекс как заработать на 15 минутке,Торговые стратегии,73600,7003,383,https://www.youtube.com/watch?v=XM3dGw-WV7I,99046921357.70235
+3650 пунктов - Стратегия форекс «Грабеж» для XAUUSD (золота),Стратегии ФОРЕКС,13300,4304,15,https://www.youtube.com/watch?v=szTDxudeBhY,50755637333.33334
JUMP BOSS - торговая стратегия для золота,Антон Рожновский,36300,988,2,https://www.youtube.com/watch?v=LV7g0HcZpE4,650938860000.0
Индикатор для золота,Торговля на Форекс,12400,1140,2,https://www.youtube.com/watch?v=1REmu4lRVVo,87643200000.0
стратегии для золота форекс,Торговые сигналы форекс,13,29,0,https://www.youtube.com/watch?v=SyecVDtL6mM,inf
Как торговать золото? Рабочая стратегия №1 на Forex,ОБУЧЕНИЕ ТРЕЙДИНГУ НА БИРЖЕ,5630,9580,36,https://www.youtube.com/watch?v=8Q6aEnhpviA,8434897277.777778
Стратегия для золота – Super Precision Strategy,Grand Capital,5650,530,8,https://www.youtube.com/watch?v=AGF8_ygxm7o,2114865625.0000002
Торговая стратегия для золота – Intraday GOLD,LightFX,8310,4086,18,https://www.youtube.com/watch?v=Kq5bpiz2yDE,15675734700.0
«Intraday GOLD» стратегия для М15,LightFX,8310,3184,24,https://www.youtube.com/watch?v=bWqi1-R2KgY,9161442600.0
Прибыльная стратегия торговли золотом,Александр Кэш,326,431,1,https://www.youtube.com/watch?v=Dnj_qVyJKQI,45804956.00000001
+120% за 12 мес — Стратегия «TR-Gold» для XAU/USD (золото) на скользящей средней,Стратегии ФОРЕКС,13300,2229,1,https://www.youtube.com/watch?v=7ZBiG2ryjYw,394287810000.0
Золото. Стратегии торговли во флете,Аркадий Романович,30000,1274,1,https://www.youtube.com/watch?v=DIJXrRYWtp4,1146600000000.0
Golden Boy - Торговая Стратегия Для Xauusd (Gold) [Стратегии Для Золота Форекс],Forex Review,166,1816,2,https://www.youtube.com/watch?v=Uaf8gULBieY,25020848.000000004
стратегии для золота форекс,Алексей Приемов,3,1,0,https://www.youtube.com/watch?v=iZtWh5BIeTg,inf
"+514,61% по паре XAUUSD (золото/GOLD) — Тест стратегии форекс «Грабёж»",Стратегии ФОРЕКС,13300,878,7,https://www.youtube.com/watch?v=9Oy_by-pH_c,22187060000.0
БЕЗУМНАЯ 1-минутная торговая стратегия скальпинга (97% WINRATE) 🤑🤑🤑,TrippaTrading русский,31400,488946,538,https://www.youtube.com/watch?v=e4kNmv-vAPQ,896061706617.1003
Эффективная стратегия торговли золотом,Торговля на Форекс,12400,3925,2,https://www.youtube.com/watch?v=5NTSQx54OgY,301754000000.0
ЛУЧШИЕ СТРАТЕГИИ ТЕХНИЧЕСКОГО АНАЛИЗА РЫНКА. КАК Я ПРОВОЖУ ТЕХАНАЛИЗ. ВАЛЮТЫ ИНДЕКСЫ ЗОЛОТО НЕФТЬ,Аркадий Романович,30000,1675,4,https://www.youtube.com/watch?v=NzhxD4HrCt4,376875000000.00006
Золото!! Входы 100%. Агрессивный Скальпинг.Что такое?,Форекс - реальное понимание и торговля в плюс,33400,4489,4,https://www.youtube.com/watch?v=X89nTpGQ1cU,1251937210000.0
🔥Лучшая скальпинг стратегия торговли против толпы! Прибыль 400% к депозиту! #золото#forex#трейдинг,Онлайн торговля на рынке FOREX! PRO ОБУЧЕНИЕ! ,5880,7304,37,https://www.youtube.com/watch?v=vVv-TqZwL3Y,6825173448.648649
Стратегия «Золото форекс»: +2900 пунктов прибыли,Стратегии ФОРЕКС,13300,7598,4,https://www.youtube.com/watch?v=oUbk_oirlzk,336002554999.99994
Скальпинг на ЗОЛОТЕ! Лучшая объёмная стратегия! #золото#scalping#трейдинг#forex#forextrading,Онлайн торговля на рынке FOREX! PRO ОБУЧЕНИЕ! ,5880,5134,9,https://www.youtube.com/watch?v=Q4MvwIHU2Ww,19722774400.0
"Тест стратегии «Кортик» для XAUUSD (золота): +204,40%",Стратегии ФОРЕКС,13300,1839,1,https://www.youtube.com/watch?v=jzOWNXiatqs,325300710000.0
СКАЛЬПИНГ СТРАТЕГИЯ ЗОЛОТА 👑 | SMC,GAMBLER,13900,4202,4,https://www.youtube.com/watch?v=V7RujOuseGs,202967105000.0
"ЭФФЕКТИВНАЯ СТРАТЕГИЯ XAU_USD (ЗОЛОТО, ФОРЕКС)",BADIN trade,318,4452,12,https://www.youtube.com/watch?v=ySFi_Bi7Hjs,37517004.0
САМАЯ ПРИБЫЛЬНАЯ СТРАТЕГИЯ НА ФОРЕКС | Онлайн заработок на дневном таймфрейме GOLD-H4,SEKTA FOREX,6590,1003,0,https://www.youtube.com/watch?v=9nCz3NP6AWk,inf
стратегия для золота бинарные опционы,Аза Ушанова,6,158,0,https://www.youtube.com/watch?v=7BsK6nChljA,inf
Скальпинг минутного графика с одним индикатором,Торговые стратегии,73600,24373,81,https://www.youtube.com/watch?v=N_47mPLZt70,1629969951604.9382
торговля золотом на форекс - 💥 эффективная стратегия торговли золотом - стратегия золото форекс,Online Trade,17,87,0,https://www.youtube.com/watch?v=AEjGqG_PQzQ,inf
Торговля золотом на форекс,Александр Кэш,326,603,1,https://www.youtube.com/watch?v=LEb8ngsfUWE,64084428.0
"Торговля на бирже. Трейдеры не хотят, что бы вы это знали.",Артём Звёздин - обучение трейдингу,560000,1665014,470,https://www.youtube.com/watch?v=x6riX1XAygs,1110954022127659.6
КАК ТОРГОВАТЬ ЗОЛОТО  ТОРГОВЫЕ РЕКОМЕНДАЦИИ ПО СТРАТЕГИИ WMD С ЯНОМ СИКОРСКИМ,Ян Сикорский | Трейдинг и Инвестиции,6530,580,3,https://www.youtube.com/watch?v=zIuhxo_2FYE,8243907333.333334
"Как понять, что пора покупать акции?",Академия Инвестиций,23800,365049,277,https://www.youtube.com/watch?v=1izYlAHp558,746492258339.3502
Стратегия торговли Самоучитель Золото,Дмитрий К,619,596,0,https://www.youtube.com/watch?v=_UewY9HNfiE,inf
Тест стратегии форекс «Золото форекс»,Стратегии ФОРЕКС,13300,1990,0,https://www.youtube.com/watch?v=CYVs-Y7a5Xk,inf
торговля золотом на форекс стратегия - настройка платформы мт4 для торговли золотом,Profit Trade,15,143,0,https://www.youtube.com/watch?v=OSjA9GnNRfA,inf
Golden Boy - Торговая Стратегия Для Xauusd (Gold) [Торговля Золотом На Форекс Стратегия],Елизавета Яковалева,7,148,2,https://www.youtube.com/watch?v=SP0RmC_mito,3626.0
"+362,72% за 24 мес: Тест стратегии «TR-Gold» для золота — XAU/USD (D1+H1)",Стратегии ФОРЕКС,13300,1023,1,https://www.youtube.com/watch?v=bbHi9S_RSJU,180958470000.0
Лучшая стратегия торговли золотом | GIG-OS,GIG-OS TV ,28800,2355,6,https://www.youtube.com/watch?v=g36BfrKzNfk,325555200000.0
торговля золотом на форекс стратегия,Николай Комолов,2,5,0,https://www.youtube.com/watch?v=DBGRCjobc5A,inf
